<?xml version="1.0" encoding="UTF-8"?>
<metadata modelVersion="1.1.0">
  <groupId>com.nm.bdlpri.liferay</groupId>
  <artifactId>bdlpri-common</artifactId>
  <version>2014.1.0-SNAPSHOT</version>
  <versioning>
    <snapshot>
      <localCopy>true</localCopy>
    </snapshot>
    <lastUpdated>20190314125044</lastUpdated>
    <snapshotVersions>
      <snapshotVersion>
        <extension>jar</extension>
        <value>2014.1.0-SNAPSHOT</value>
        <updated>20190314125044</updated>
      </snapshotVersion>
      <snapshotVersion>
        <extension>pom</extension>
        <value>2014.1.0-SNAPSHOT</value>
        <updated>20190314125044</updated>
      </snapshotVersion>
    </snapshotVersions>
  </versioning>
</metadata>
